10001,User_10001,India,2024-06-29
10002,User_10002,Canada,2024-06-28
10003,User_10003,Canada,2024-06-27
10004,User_10004,Canada,2024-06-26
10005,User_10005,India,2024-06-25
10006,User_10006,Canada,2024-06-24
10007,User_10007,UK,2024-06-23
10008,User_10008,Canada,2024-06-22
10009,User_10009,US,2024-06-21
10010,User_10010,India,2024-06-20
10011,User_10011,US,2024-06-19
10012,User_10012,Canada,2024-06-18
10013,User_10013,US,2024-06-17
10014,User_10014,US,2024-06-16
10015,User_10015,Canada,2024-06-15
10016,User_10016,India,2024-06-14
10017,User_10017,UK,2024-06-13
10018,User_10018,US,2024-06-12
10019,User_10019,Canada,2024-06-11
10020,User_10020,India,2024-06-10
10021,User_10021,US,2024-06-09
10022,User_10022,UK,2024-06-08
10023,User_10023,India,2024-06-07
10024,User_10024,US,2024-06-06
10025,User_10025,India,2024-06-05
10026,User_10026,Canada,2024-06-04
10027,User_10027,US,2024-06-03
10028,User_10028,US,2024-06-02
10029,User_10029,Canada,2024-06-01
10030,User_10030,Canada,2024-05-31
10031,User_10031,Canada,2024-05-30
10032,User_10032,US,2024-05-29
10033,User_10033,UK,2024-05-28
10034,User_10034,US,2024-05-27
10035,User_10035,Canada,2024-05-26
10036,User_10036,UK,2024-05-25
10037,User_10037,Canada,2024-05-24
10038,User_10038,India,2024-05-23
10039,User_10039,UK,2024-05-22
10040,User_10040,India,2024-05-21
10041,User_10041,US,2024-05-20
10042,User_10042,Canada,2024-05-19
10043,User_10043,Canada,2024-05-18
10044,User_10044,India,2024-05-17
10045,User_10045,Canada,2024-05-16
10046,User_10046,Canada,2024-05-15
10047,User_10047,UK,2024-05-14
10048,User_10048,UK,2024-05-13
10049,User_10049,Canada,2024-05-12
10050,User_10050,Canada,2024-05-11
10051,User_10051,UK,2024-05-10
10052,User_10052,Canada,2024-05-09
10053,User_10053,Canada,2024-05-08
10054,User_10054,India,2024-05-07
10055,User_10055,UK,2024-05-06
10056,User_10056,US,2024-05-05
10057,User_10057,Canada,2024-05-04
10058,User_10058,India,2024-05-03
10059,User_10059,US,2024-05-02
10060,User_10060,UK,2024-05-01
10061,User_10061,US,2024-04-30
10062,User_10062,UK,2024-04-29
10063,User_10063,India,2024-04-28
10064,User_10064,India,2024-04-27
10065,User_10065,US,2024-04-26
10066,User_10066,UK,2024-04-25
10067,User_10067,Canada,2024-04-24
10068,User_10068,US,2024-04-23
10069,User_10069,US,2024-04-22
10070,User_10070,UK,2024-04-21
10071,User_10071,Canada,2024-04-20
10072,User_10072,Canada,2024-04-19
10073,User_10073,US,2024-04-18
10074,User_10074,Canada,2024-04-17
10075,User_10075,Canada,2024-04-16
10076,User_10076,India,2024-04-15
10077,User_10077,Canada,2024-04-14
10078,User_10078,Canada,2024-04-13
10079,User_10079,US,2024-04-12
10080,User_10080,US,2024-04-11
10081,User_10081,UK,2024-04-10
10082,User_10082,US,2024-04-09
10083,User_10083,India,2024-04-08
10084,User_10084,Canada,2024-04-07
10085,User_10085,India,2024-04-06
10086,User_10086,UK,2024-04-05
10087,User_10087,India,2024-04-04
10088,User_10088,Canada,2024-04-03
10089,User_10089,Canada,2024-04-02
10090,User_10090,India,2024-04-01
10091,User_10091,US,2024-03-31
10092,User_10092,India,2024-03-30
10093,User_10093,US,2024-03-29
10094,User_10094,Canada,2024-03-28
10095,User_10095,UK,2024-03-27
10096,User_10096,India,2024-03-26
10097,User_10097,US,2024-03-25
10098,User_10098,India,2024-03-24
10099,User_10099,Canada,2024-03-23
10100,User_10100,India,2024-03-22
10101,User_10101,Canada,2024-03-21
10102,User_10102,UK,2024-03-20
10103,User_10103,Canada,2024-03-19
10104,User_10104,Canada,2024-03-18
10105,User_10105,Canada,2024-03-17
10106,User_10106,US,2024-03-16
10107,User_10107,India,2024-03-15
10108,User_10108,UK,2024-03-14
10109,User_10109,US,2024-03-13
10110,User_10110,Canada,2024-03-12
10111,User_10111,Canada,2024-03-11
10112,User_10112,India,2024-03-10
10113,User_10113,Canada,2024-03-09
10114,User_10114,US,2024-03-08
10115,User_10115,US,2024-03-07
10116,User_10116,India,2024-03-06
10117,User_10117,India,2024-03-05
10118,User_10118,Canada,2024-03-04
10119,User_10119,India,2024-03-03
10120,User_10120,Canada,2024-03-02
10121,User_10121,Canada,2024-03-01
10122,User_10122,India,2024-02-29
10123,User_10123,Canada,2024-02-28
10124,User_10124,Canada,2024-02-27
10125,User_10125,UK,2024-02-26
10126,User_10126,US,2024-02-25
10127,User_10127,Canada,2024-02-24
10128,User_10128,India,2024-02-23
10129,User_10129,Canada,2024-02-22
10130,User_10130,Canada,2024-02-21
10131,User_10131,US,2024-02-20
10132,User_10132,Canada,2024-02-19
10133,User_10133,India,2024-02-18
10134,User_10134,US,2024-02-17
10135,User_10135,Canada,2024-02-16
10136,User_10136,India,2024-02-15
10137,User_10137,Canada,2024-02-14
10138,User_10138,Canada,2024-02-13
10139,User_10139,Canada,2024-02-12
10140,User_10140,India,2024-02-11
10141,User_10141,India,2024-02-10
10142,User_10142,Canada,2024-02-09
10143,User_10143,US,2024-02-08
10144,User_10144,Canada,2024-02-07
10145,User_10145,Canada,2024-02-06
10146,User_10146,UK,2024-02-05
10147,User_10147,Canada,2024-02-04
10148,User_10148,Canada,2024-02-03
10149,User_10149,Canada,2024-02-02
10150,User_10150,UK,2024-02-01
10151,User_10151,US,2024-01-31
10152,User_10152,UK,2024-01-30
10153,User_10153,India,2024-01-29
10154,User_10154,India,2024-01-28
10155,User_10155,US,2024-01-27
10156,User_10156,Canada,2024-01-26
10157,User_10157,Canada,2024-01-25
10158,User_10158,Canada,2024-01-24
10159,User_10159,India,2024-01-23
10160,User_10160,India,2024-01-22
10161,User_10161,India,2024-01-21
10162,User_10162,India,2024-01-20
10163,User_10163,Canada,2024-01-19
10164,User_10164,India,2024-01-18
10165,User_10165,Canada,2024-01-17
10166,User_10166,US,2024-01-16
10167,User_10167,Canada,2024-01-15
10168,User_10168,US,2024-01-14
10169,User_10169,India,2024-01-13
10170,User_10170,India,2024-01-12
10171,User_10171,Canada,2024-01-11
10172,User_10172,Canada,2024-01-10
10173,User_10173,Canada,2024-01-09
10174,User_10174,Canada,2024-01-08
10175,User_10175,Canada,2024-01-07
10176,User_10176,India,2024-01-06
10177,User_10177,India,2024-01-05
10178,User_10178,India,2024-01-04
10179,User_10179,UK,2024-01-03
10180,User_10180,Canada,2024-06-30
10181,User_10181,India,2024-06-29
10182,User_10182,Canada,2024-06-28
10183,User_10183,US,2024-06-27
10184,User_10184,India,2024-06-26
10185,User_10185,UK,2024-06-25
10186,User_10186,UK,2024-06-24
10187,User_10187,UK,2024-06-23
10188,User_10188,India,2024-06-22
10189,User_10189,Canada,2024-06-21
10190,User_10190,Canada,2024-06-20
10191,User_10191,Canada,2024-06-19
10192,User_10192,US,2024-06-18
10193,User_10193,Canada,2024-06-17
10194,User_10194,India,2024-06-16
10195,User_10195,Canada,2024-06-15
10196,User_10196,UK,2024-06-14
10197,User_10197,Canada,2024-06-13
10198,User_10198,UK,2024-06-12
10199,User_10199,India,2024-06-11
10200,User_10200,India,2024-06-10
10201,User_10201,India,2024-06-09
10202,User_10202,Canada,2024-06-08
10203,User_10203,UK,2024-06-07
10204,User_10204,Canada,2024-06-06
10205,User_10205,Canada,2024-06-05
10206,User_10206,India,2024-06-04
10207,User_10207,Canada,2024-06-03
10208,User_10208,India,2024-06-02
10209,User_10209,UK,2024-06-01
10210,User_10210,Canada,2024-05-31
10211,User_10211,Canada,2024-05-30
10212,User_10212,Canada,2024-05-29
10213,User_10213,Canada,2024-05-28
10214,User_10214,UK,2024-05-27
10215,User_10215,India,2024-05-26
10216,User_10216,India,2024-05-25
10217,User_10217,Canada,2024-05-24
10218,User_10218,Canada,2024-05-23
10219,User_10219,Canada,2024-05-22
10220,User_10220,Canada,2024-05-21
10221,User_10221,India,2024-05-20
10222,User_10222,US,2024-05-19
10223,User_10223,Canada,2024-05-18
10224,User_10224,India,2024-05-17
10225,User_10225,Canada,2024-05-16
10226,User_10226,India,2024-05-15
10227,User_10227,Canada,2024-05-14
10228,User_10228,UK,2024-05-13
10229,User_10229,India,2024-05-12
10230,User_10230,Canada,2024-05-11
10231,User_10231,UK,2024-05-10
10232,User_10232,India,2024-05-09
10233,User_10233,India,2024-05-08
10234,User_10234,Canada,2024-05-07
10235,User_10235,Canada,2024-05-06
10236,User_10236,Canada,2024-05-05
10237,User_10237,Canada,2024-05-04
10238,User_10238,India,2024-05-03
10239,User_10239,Canada,2024-05-02
10240,User_10240,Canada,2024-05-01
10241,User_10241,US,2024-04-30
10242,User_10242,UK,2024-04-29
10243,User_10243,Canada,2024-04-28
10244,User_10244,India,2024-04-27
10245,User_10245,India,2024-04-26
10246,User_10246,India,2024-04-25
10247,User_10247,US,2024-04-24
10248,User_10248,India,2024-04-23
10249,User_10249,Canada,2024-04-22
10250,User_10250,US,2024-04-21
10251,User_10251,Canada,2024-04-20
10252,User_10252,UK,2024-04-19
10253,User_10253,UK,2024-04-18
10254,User_10254,US,2024-04-17
10255,User_10255,Canada,2024-04-16
10256,User_10256,Canada,2024-04-15
10257,User_10257,US,2024-04-14
10258,User_10258,Canada,2024-04-13
10259,User_10259,India,2024-04-12
10260,User_10260,Canada,2024-04-11
10261,User_10261,US,2024-04-10
10262,User_10262,Canada,2024-04-09
10263,User_10263,India,2024-04-08
10264,User_10264,Canada,2024-04-07
10265,User_10265,Canada,2024-04-06
10266,User_10266,US,2024-04-05
10267,User_10267,Canada,2024-04-04
10268,User_10268,Canada,2024-04-03
10269,User_10269,India,2024-04-02
10270,User_10270,India,2024-04-01
10271,User_10271,India,2024-03-31
10272,User_10272,US,2024-03-30
10273,User_10273,India,2024-03-29
10274,User_10274,India,2024-03-28
10275,User_10275,India,2024-03-27
10276,User_10276,UK,2024-03-26
10277,User_10277,India,2024-03-25
10278,User_10278,India,2024-03-24
10279,User_10279,US,2024-03-23
10280,User_10280,Canada,2024-03-22
10281,User_10281,India,2024-03-21
10282,User_10282,Canada,2024-03-20
10283,User_10283,US,2024-03-19
10284,User_10284,India,2024-03-18
10285,User_10285,UK,2024-03-17
10286,User_10286,India,2024-03-16
10287,User_10287,Canada,2024-03-15
10288,User_10288,US,2024-03-14
10289,User_10289,Canada,2024-03-13
10290,User_10290,Canada,2024-03-12
10291,User_10291,Canada,2024-03-11
10292,User_10292,Canada,2024-03-10
10293,User_10293,Canada,2024-03-09
10294,User_10294,US,2024-03-08
10295,User_10295,Canada,2024-03-07
10296,User_10296,Canada,2024-03-06
10297,User_10297,India,2024-03-05
10298,User_10298,US,2024-03-04
10299,User_10299,Canada,2024-03-03
10300,User_10300,Canada,2024-03-02
10301,User_10301,UK,2024-03-01
10302,User_10302,Canada,2024-02-29
10303,User_10303,India,2024-02-28
10304,User_10304,India,2024-02-27
10305,User_10305,Canada,2024-02-26
10306,User_10306,Canada,2024-02-25
10307,User_10307,Canada,2024-02-24
10308,User_10308,Canada,2024-02-23
10309,User_10309,UK,2024-02-22
10310,User_10310,India,2024-02-21
10311,User_10311,India,2024-02-20
10312,User_10312,India,2024-02-19
10313,User_10313,Canada,2024-02-18
10314,User_10314,US,2024-02-17
10315,User_10315,Canada,2024-02-16
10316,User_10316,US,2024-02-15
10317,User_10317,Canada,2024-02-14
10318,User_10318,India,2024-02-13
10319,User_10319,India,2024-02-12
10320,User_10320,US,2024-02-11
10321,User_10321,India,2024-02-10
10322,User_10322,Canada,2024-02-09
10323,User_10323,US,2024-02-08
10324,User_10324,US,2024-02-07
10325,User_10325,US,2024-02-06
10326,User_10326,US,2024-02-05
10327,User_10327,US,2024-02-04
10328,User_10328,Canada,2024-02-03
10329,User_10329,India,2024-02-02
10330,User_10330,India,2024-02-01
10331,User_10331,UK,2024-01-31
10332,User_10332,Canada,2024-01-30
10333,User_10333,India,2024-01-29
10334,User_10334,India,2024-01-28
10335,User_10335,Canada,2024-01-27
10336,User_10336,Canada,2024-01-26
10337,User_10337,Canada,2024-01-25
10338,User_10338,India,2024-01-24
10339,User_10339,Canada,2024-01-23
10340,User_10340,Canada,2024-01-22
10341,User_10341,Canada,2024-01-21
10342,User_10342,US,2024-01-20
10343,User_10343,US,2024-01-19
10344,User_10344,India,2024-01-18
10345,User_10345,UK,2024-01-17
10346,User_10346,Canada,2024-01-16
10347,User_10347,India,2024-01-15
10348,User_10348,India,2024-01-14
10349,User_10349,US,2024-01-13
10350,User_10350,Canada,2024-01-12
10351,User_10351,US,2024-01-11
10352,User_10352,India,2024-01-10
10353,User_10353,India,2024-01-09
10354,User_10354,Canada,2024-01-08
10355,User_10355,Canada,2024-01-07
10356,User_10356,India,2024-01-06
10357,User_10357,India,2024-01-05
10358,User_10358,India,2024-01-04
10359,User_10359,US,2024-01-03
10360,User_10360,Canada,2024-06-30
10361,User_10361,Canada,2024-06-29
10362,User_10362,UK,2024-06-28
10363,User_10363,Canada,2024-06-27
10364,User_10364,UK,2024-06-26
10365,User_10365,Canada,2024-06-25
10366,User_10366,Canada,2024-06-24
10367,User_10367,Canada,2024-06-23
10368,User_10368,India,2024-06-22
10369,User_10369,Canada,2024-06-21
10370,User_10370,Canada,2024-06-20
10371,User_10371,US,2024-06-19
10372,User_10372,Canada,2024-06-18
10373,User_10373,Canada,2024-06-17
10374,User_10374,Canada,2024-06-16
10375,User_10375,Canada,2024-06-15
10376,User_10376,UK,2024-06-14
10377,User_10377,US,2024-06-13
10378,User_10378,Canada,2024-06-12
10379,User_10379,Canada,2024-06-11
10380,User_10380,India,2024-06-10
10381,User_10381,UK,2024-06-09
10382,User_10382,India,2024-06-08
10383,User_10383,India,2024-06-07
10384,User_10384,US,2024-06-06
10385,User_10385,India,2024-06-05
10386,User_10386,India,2024-06-04
10387,User_10387,UK,2024-06-03
10388,User_10388,US,2024-06-02
10389,User_10389,Canada,2024-06-01
10390,User_10390,US,2024-05-31
10391,User_10391,US,2024-05-30
10392,User_10392,Canada,2024-05-29
10393,User_10393,India,2024-05-28
10394,User_10394,Canada,2024-05-27
10395,User_10395,Canada,2024-05-26
10396,User_10396,India,2024-05-25
10397,User_10397,Canada,2024-05-24
10398,User_10398,India,2024-05-23
10399,User_10399,Canada,2024-05-22
10400,User_10400,UK,2024-05-21
10401,User_10401,US,2024-05-20
10402,User_10402,India,2024-05-19
10403,User_10403,Canada,2024-05-18
10404,User_10404,Canada,2024-05-17
10405,User_10405,UK,2024-05-16
10406,User_10406,US,2024-05-15
10407,User_10407,Canada,2024-05-14
10408,User_10408,India,2024-05-13
10409,User_10409,India,2024-05-12
10410,User_10410,India,2024-05-11
10411,User_10411,India,2024-05-10
10412,User_10412,Canada,2024-05-09
10413,User_10413,US,2024-05-08
10414,User_10414,Canada,2024-05-07
10415,User_10415,India,2024-05-06
10416,User_10416,UK,2024-05-05
10417,User_10417,India,2024-05-04
10418,User_10418,US,2024-05-03
10419,User_10419,US,2024-05-02
10420,User_10420,Canada,2024-05-01
10421,User_10421,India,2024-04-30
10422,User_10422,Canada,2024-04-29
10423,User_10423,Canada,2024-04-28
10424,User_10424,Canada,2024-04-27
10425,User_10425,Canada,2024-04-26
10426,User_10426,Canada,2024-04-25
10427,User_10427,Canada,2024-04-24
10428,User_10428,India,2024-04-23
10429,User_10429,UK,2024-04-22
10430,User_10430,Canada,2024-04-21
10431,User_10431,India,2024-04-20
10432,User_10432,UK,2024-04-19
10433,User_10433,US,2024-04-18
10434,User_10434,India,2024-04-17
10435,User_10435,Canada,2024-04-16
10436,User_10436,India,2024-04-15
10437,User_10437,UK,2024-04-14
10438,User_10438,US,2024-04-13
10439,User_10439,UK,2024-04-12
10440,User_10440,UK,2024-04-11
10441,User_10441,US,2024-04-10
10442,User_10442,Canada,2024-04-09
10443,User_10443,UK,2024-04-08
10444,User_10444,US,2024-04-07
10445,User_10445,US,2024-04-06
10446,User_10446,Canada,2024-04-05
10447,User_10447,India,2024-04-04
10448,User_10448,Canada,2024-04-03
10449,User_10449,Canada,2024-04-02
10450,User_10450,Canada,2024-04-01
10451,User_10451,UK,2024-03-31
10452,User_10452,India,2024-03-30
10453,User_10453,UK,2024-03-29
10454,User_10454,UK,2024-03-28
10455,User_10455,US,2024-03-27
10456,User_10456,UK,2024-03-26
10457,User_10457,India,2024-03-25
10458,User_10458,Canada,2024-03-24
10459,User_10459,Canada,2024-03-23
10460,User_10460,UK,2024-03-22
10461,User_10461,India,2024-03-21
10462,User_10462,Canada,2024-03-20
10463,User_10463,Canada,2024-03-19
10464,User_10464,Canada,2024-03-18
10465,User_10465,US,2024-03-17
10466,User_10466,Canada,2024-03-16
10467,User_10467,Canada,2024-03-15
10468,User_10468,Canada,2024-03-14
10469,User_10469,Canada,2024-03-13
10470,User_10470,Canada,2024-03-12
10471,User_10471,Canada,2024-03-11
10472,User_10472,UK,2024-03-10
10473,User_10473,India,2024-03-09
10474,User_10474,India,2024-03-08
10475,User_10475,Canada,2024-03-07
10476,User_10476,US,2024-03-06
10477,User_10477,Canada,2024-03-05
10478,User_10478,UK,2024-03-04
10479,User_10479,India,2024-03-03
10480,User_10480,Canada,2024-03-02
10481,User_10481,India,2024-03-01
10482,User_10482,Canada,2024-02-29
10483,User_10483,UK,2024-02-28
10484,User_10484,UK,2024-02-27
10485,User_10485,US,2024-02-26
10486,User_10486,US,2024-02-25
10487,User_10487,India,2024-02-24
10488,User_10488,Canada,2024-02-23
10489,User_10489,Canada,2024-02-22
10490,User_10490,Canada,2024-02-21
10491,User_10491,India,2024-02-20
10492,User_10492,India,2024-02-19
10493,User_10493,Canada,2024-02-18
10494,User_10494,US,2024-02-17
10495,User_10495,India,2024-02-16
10496,User_10496,Canada,2024-02-15
10497,User_10497,Canada,2024-02-14
10498,User_10498,US,2024-02-13
10499,User_10499,US,2024-02-12
10500,User_10500,Canada,2024-02-11
